{"cameraMode":{"drawMode":0,"name":"Shaded","section":"Shading Mode"},"sceneLighting":false,"audioPlay":false,"sceneViewState":{"showFog":true,"showMaterialUpdate":false,"showSkybox":false,"showFlares":true,"showImageEffects":true,"showParticleSystems":true},"in2DMode":false,"pivot":{"x":-0.20056289434432984,"y":0.46807435154914858,"z":0.0435643196105957},"rotation":{"x":0.00010341572487959638,"y":0.9976196885108948,"z":-0.0014964388683438302,"w":0.06894530355930329},"size":1.7652466297149659,"orthographic":false}